commanded_vx_m_s,actual_vx_m_s,joint,joint_rms_nm,joint_peak_nm,speed_at_peak_rad_s,above_8_s,above_11_s,torque_clip_steps
0.4,0.39289114317352786,FL_haa_joint,3.06433234816706,7.798422887803492,0.16754102256682146,0.0,0.0,0
0.4,0.39289114317352786,FL_hfe_joint,2.4858020105909286,8.059564099509544,-1.133730495563613,0.0005,0.0,0
0.4,0.39289114317352786,FL_kfe_joint,7.830510725654334,20.20941410212832,6.661338147750939e-17,9.452500000000061,8.007499999998295,0
0.4,0.39289114317352786,FR_haa_joint,3.076773527828259,5.02198371244767,-0.16011820656005388,0.0,0.0,0
0.4,0.39289114317352786,FR_hfe_joint,2.5056048988073663,8.030281357514978,-0.9496494412855426,0.0005,0.0,0
0.4,0.39289114317352786,FR_kfe_joint,7.862268384121845,13.272516315457532,-0.6490573462891785,9.430500000000034,8.111499999998422,0
0.4,0.39289114317352786,RL_haa_joint,2.8128131001546857,8.769155729761358,-0.8410499219487337,0.003,0.0,0
0.4,0.39289114317352786,RL_hfe_joint,1.8734457968276939,6.111026946532001,-0.12974718571618893,0.0,0.0,0
0.4,0.39289114317352786,RL_kfe_joint,7.950497245215578,16.639308203417084,1.1493407450245519,9.335499999999918,5.33999999999976,0
0.4,0.39289114317352786,RR_haa_joint,2.798030090318049,9.012537478787017,-6.394884621840902e-17,0.0025,0.0,0
0.4,0.39289114317352786,RR_hfe_joint,1.8602555096199938,6.609729192935274,0.12674060275640825,0.0,0.0,0
0.4,0.39289114317352786,RR_kfe_joint,7.908466114404592,25.586248041889554,-2.3092638912203255e-17,9.318999999999898,5.526499999999657,0
0.5,0.49227053598874193,FL_haa_joint,2.85462052564547,8.038245898597264,0.23533623550532767,0.011000000000000006,0.0,0
0.5,0.49227053598874193,FL_hfe_joint,2.8533809255904186,9.627845515366587,-1.2346312786898894,0.32500000000000023,0.0,0
0.5,0.49227053598874193,FL_kfe_joint,7.891747396066658,20.22732141970178,6.661338147750939e-17,9.314499999999892,8.214999999998549,0
0.5,0.49227053598874193,FR_haa_joint,2.865348396646378,4.906528595032101,-0.1977980600663665,0.0,0.0,0
0.5,0.49227053598874193,FR_hfe_joint,2.874016487105932,9.629394625776127,-0.9931666784085165,0.2760000000000002,0.0,0
0.5,0.49227053598874193,FR_kfe_joint,7.922793122501737,14.23218021979405,-0.8561097472370518,9.285499999999857,8.307499999998662,0
0.5,0.49227053598874193,RL_haa_joint,2.505650703808867,9.465139452079786,-0.9119192017838331,0.005000000000000001,0.0,0
0.5,0.49227053598874193,RL_hfe_joint,2.2560204344567003,7.68177259738479,-0.11001111772366967,0.0,0.0,0
0.5,0.49227053598874193,RL_kfe_joint,8.016382905323372,16.370847906352683,0.08733814872717238,9.233499999999793,5.437499999999706,0
0.5,0.49227053598874193,RR_haa_joint,2.492154995113865,9.399246879474733,-6.394884621840902e-17,0.0035,0.0,0
0.5,0.49227053598874193,RR_hfe_joint,2.240466955527736,8.120633356511151,0.2375409775160375,0.004,0.0,0
0.5,0.49227053598874193,RR_kfe_joint,7.974316361277047,26.942677397073176,-2.3092638912203255e-17,9.236499999999797,5.632999999999598,0
