gait,commanded_vx_m_s,commanded_wz_rad_s,operating_point_pass,margin_failure_reasons,name,joint_peak_nm,motor_peak_nm,motor_peak_signed_nm,motor_peak_time_s,motor_peak_travel_m,motor_speed_at_peak_rad_s,motor_peak_speed_rad_s,joint_rms_nm,motor_rms_nm,full_run_joint_rms_nm,full_run_motor_rms_nm,duration_s,rms_duration_s,peak_abs_motor_speed_when_above_11,continuous_utilisation,peak_utilisation,fraction_above_continuous,estimated_rms_current_a,estimated_final_temperature_c,estimated_steady_temperature_c,safety_torque_clipped_cycles,safety_torque_clip_events,safety_torque_clipped_duration_s,above_8nm_total_time_s,above_8nm_longest_time_s,above_8nm_peak_abs_motor_speed_rad_s,above_8nm_rms_motor_speed_rad_s,above_11nm_total_time_s,above_11nm_longest_time_s,above_11nm_peak_abs_motor_speed_rad_s,above_11nm_rms_motor_speed_rad_s,above_36nm_total_time_s,above_36nm_longest_time_s,above_36nm_peak_abs_motor_speed_rad_s,above_36nm_rms_motor_speed_rad_s,peak_clipping_events,peak_clipping_steps,peak_clipping_duration_s,speed_clipping_events,speed_clipping_steps,speed_clipping_duration_s,physics_clipping_events,physics_clipping_steps,physics_clipping_duration_s,motor_peak_world_x_m,motor_peak_world_y_m,motor_peak_world_z_m
walk,1.0,0.0,False,stability criteria failed; velocity tracking criteria failed; safety limiting exceeded 1.0% of control cycles,FL_haa_joint,21.81796496506389,21.81796496506389,-21.81796496506389,1.3334999999999086,0.7629721392414418,-0.730681404690409,5.948218520965899,5.058103469592044,5.058103469592044,5.072047424510974,5.072047424510974,100.00000000029546,95.00000000027153,4.5566348726331345,0.6322629336990055,0.6060545823628858,0.0768349999997576,4.598275881447313,22.093782627044927,29.556094561964734,0,0,0.0,7.683499999998461,0.10350000000000008,5.372026910227783,1.9705609374740565,1.7704999999998605,0.07450000000000005,4.5566348726331345,2.175371611546622,0.0,0.0,0.0,0.0,0,0,0.0,2593,147309,73.65450000016966,0,0,0.0,0.7017152373032167,0.10220305494054037,0.16145191142923124
walk,1.0,0.0,False,stability criteria failed; velocity tracking criteria failed; safety limiting exceeded 1.0% of control cycles,FL_hfe_joint,27.95590068252689,27.95590068252689,-27.95590068252689,0.2435000000000002,0.12519533259947616,-4.121642830877298,12.969681514582035,7.671765393244881,7.671765393244881,7.707293249483272,7.707293249483272,100.00000000029546,95.00000000027153,7.936223504795956,0.9589706741556101,0.7765527967368581,0.5181349999991228,6.974332175677164,24.830692830023406,41.98343973663713,37753,370,94.38250000000001,51.813500000065375,0.2845000000000002,10.526348487719053,1.758076252803979,0.4290000000000003,0.09200000000000007,7.936223504795956,2.0230548628262874,0.0,0.0,0.0,0.0,0,0,0.0,1042,84659,42.32950000002009,0,0,0.0,0.12097445827129698,0.03115501935134182,0.36497252729676466
walk,1.0,0.0,False,stability criteria failed; velocity tracking criteria failed; safety limiting exceeded 1.0% of control cycles,FL_kfe_joint,22.200335660351886,11.684387189658889,-11.684387189658889,63.49850000012117,7.0331203504787245,14.109852238963116,32.26534915141955,7.346970513646962,3.86682658612998,7.383002853475927,3.885790975513646,100.00000000029546,95.00000000027153,15.548111271824625,0.4833533232662475,0.324566310823858,0.05794499999982388,3.5152968964818,21.22839478838648,25.58488728061387,0,0,0.0,5.794499999999508,0.1570000000000001,27.632645955449426,9.816180931021597,0.037500000000000026,0.004,15.548111271824625,13.880832958235821,0.0,0.0,0.0,0.0,0,0,0.0,932,150208,75.10400000017658,0,0,0.0,-0.4321056870982534,0.15551159427842914,0.15838100449949502
walk,1.0,0.0,False,stability criteria failed; velocity tracking criteria failed; safety limiting exceeded 1.0% of control cycles,FR_haa_joint,23.779497923725685,23.779497923725685,23.779497923725685,1.665999999999872,0.8115677110741918,0.32484844042780714,6.809456224993224,4.9943460207154295,4.9943460207154295,4.989320464352569,4.989320464352569,100.00000000029546,95.00000000027153,4.711798079815889,0.6242932525894287,0.6605416089923801,0.07410499999976718,4.540314564286754,22.027228419964057,29.3167035440717,0,0,0.0,7.4104999999986125,0.05600000000000004,5.664422908265518,2.037234399910005,1.6414999999998747,0.019500000000000014,4.711798079815889,2.3690122930353406,0.0,0.0,0.0,0.0,0,0,0.0,2758,150078,75.03900000017627,0,0,0.0,0.6920782794997193,0.08841942555138685,0.15337812519576005
walk,1.0,0.0,False,stability criteria failed; velocity tracking criteria failed; safety limiting exceeded 1.0% of control cycles,FR_hfe_joint,31.626219235160644,31.626219235160644,31.626219235160644,0.33350000000000024,0.2026913384313797,-3.1609453059266763,16.710985867306658,7.673286701376908,7.673286701376908,7.700020282258792,7.700020282258792,100.00000000029546,95.00000000027153,12.917703731495278,0.9591608376721135,0.8785060898655734,0.5128499999991133,6.975715183069916,24.82285743538787,41.99215921640533,37733,373,94.3325,51.28500000006285,0.2665000000000002,15.010098292263546,1.80063788811229,0.4230000000000003,0.18850000000000014,12.917703731495278,3.0154117084263112,0.0,0.0,0.0,0.0,0,0,0.0,1124,84999,42.4995000000209,0,0,0.0,0.19625170754997984,0.04956306266361277,0.38654128620689554
walk,1.0,0.0,False,stability criteria failed; velocity tracking criteria failed; safety limiting exceeded 1.0% of control cycles,FR_kfe_joint,22.238290478609123,11.704363409794276,11.704363409794276,0.2960000000000002,0.17149707090245797,-5.256260824529351,31.263647211278677,7.438558427296898,3.915030751208894,7.45929005470176,3.925942134053558,100.00000000029546,95.00000000027153,15.977472384189683,0.48937884390111175,0.3251212058276188,0.0651799999997985,3.5591188647353578,21.254555503251133,25.72499847982376,0,0,0.0,6.517999999999107,0.04200000000000003,26.331183309293394,10.044181522503104,0.04350000000000003,0.009500000000000005,15.977472384189683,11.672247789999997,0.0,0.0,0.0,0.0,0,0,0.0,945,150246,75.12300000017667,0,0,0.0,0.16593168281907805,0.04222975967147904,0.38579593486316016
walk,1.0,0.0,False,stability criteria failed; velocity tracking criteria failed; safety limiting exceeded 1.0% of control cycles,RL_haa_joint,23.848446682193707,23.848446682193707,-23.848446682193707,1.185999999999925,0.7425995142678357,1.0165215707559403,6.639354043154799,3.6335464921547174,3.6335464921547174,3.666542806940199,3.666542806940199,100.00000000029546,95.00000000027153,4.950819461365159,0.45419331151933967,0.6624568522831585,0.08962499999972982,3.3032240837770157,21.092736452222987,24.931357220667934,0,0,0.0,8.962499999999462,0.1385000000000001,5.8348350438433245,0.7961678176769248,1.1074999999999335,0.05550000000000004,4.950819461365159,0.6625532995398531,0.0,0.0,0.0,0.0,0,0,0.0,2106,118136,59.068000000100014,0,0,0.0,0.6912414175868721,0.08893127386208237,0.14777390477914015
walk,1.0,0.0,False,stability criteria failed; velocity tracking criteria failed; safety limiting exceeded 1.0% of control cycles,RL_hfe_joint,27.754731415879164,27.754731415879164,-27.754731415879164,0.47850000000000037,0.3316175959457493,-4.485804183583136,13.968883502373803,6.797685400710172,6.797685400710172,6.830967080510619,6.830967080510619,100.00000000029546,95.00000000027153,11.764644293999329,0.8497106750887715,0.770964761552199,0.40390499999891494,6.17971400064561,23.793687537859228,37.25945759540198,23144,967,57.86,40.39050000001083,0.19550000000000015,12.435643635048585,3.272406055873939,0.22650000000000017,0.1490000000000001,11.764644293999329,2.7330268982312833,0.0,0.0,0.0,0.0,0,0,0.0,1157,97627,48.81350000005105,0,0,0.0,0.32422815967548463,0.060167625811876936,0.3418690372253022
walk,1.0,0.0,False,stability criteria failed; velocity tracking criteria failed; safety limiting exceeded 1.0% of control cycles,RL_kfe_joint,31.99605609055008,16.84002952134215,16.84002952134215,13.333500000004804,1.9921689267764235,-0.23016089726265693,30.179751165524955,11.117241145183153,5.851179550096396,11.08280728604155,5.833056466337658,100.00000000029546,95.00000000027153,13.114202730253355,0.7313974437620495,0.4677785978150597,0.11985999999967743,5.319254136451269,22.770252464962436,32.78768326157717,4650,374,11.625,11.986000000003157,0.05400000000000004,16.597841980893726,6.333969300984918,0.6104999999999882,0.009000000000000005,13.114202730253355,4.7059121107167625,0.0,0.0,0.0,0.0,0,0,0.0,1016,105170,52.58500000006906,0,0,0.0,0.4504640706051465,0.09408812345544479,0.15465006286064625
walk,1.0,0.0,False,stability criteria failed; velocity tracking criteria failed; safety limiting exceeded 1.0% of control cycles,RR_haa_joint,19.470186923063288,19.470186923063288,19.470186923063288,1.5184999999998883,0.7880622338040018,-0.3783967004343128,4.636304248797061,3.60585656898182,3.60585656898182,3.6170970530796236,3.6170970530796236,100.00000000029546,95.00000000027153,2.519480738305629,0.4507320711227275,0.5408385256406469,0.08482499999973814,3.2780514263471088,21.064383001441733,24.856483480449207,0,0,0.0,8.482499999998875,0.06600000000000004,3.556108335120718,0.9122207059217808,1.148499999999929,0.05600000000000004,2.519480738305629,0.6481949493450563,0.0,0.0,0.0,0.0,0,0,0.0,1941,113645,56.82250000008929,0,0,0.0,0.6858007155577155,0.11007724118817065,0.15252341113272264
walk,1.0,0.0,False,stability criteria failed; velocity tracking criteria failed; safety limiting exceeded 1.0% of control cycles,RR_hfe_joint,28.56212592484323,28.56212592484323,28.56212592484323,0.35350000000000026,0.21961783557566983,2.093911240012167,19.022589956255256,6.780168457622044,6.780168457622044,6.8068074856394265,6.8068074856394265,100.00000000029546,95.00000000027153,17.4274111094452,0.8475210572027555,0.7933923868012008,0.39797999999890415,6.16378950692913,23.76825599106249,37.170620475695515,22878,954,57.195,39.798000000008,0.1475000000000001,18.1411312530883,3.412710625678356,0.19750000000000015,0.05350000000000004,17.4274111094452,7.843015800978122,0.0,0.0,0.0,0.0,0,0,0.0,1316,97954,48.97700000005183,0,0,0.0,0.21277837570379834,0.0532168069608404,0.38250577713240863
walk,1.0,0.0,False,stability criteria failed; velocity tracking criteria failed; safety limiting exceeded 1.0% of control cycles,RR_kfe_joint,31.913433469822404,16.796543931485477,16.796543931485477,4.333500000000318,1.0820296786054013,0.004504956384812318,34.113654673057376,11.109276255337855,5.846987502809398,11.129455120803016,5.857607958317377,100.00000000029546,95.00000000027153,18.88258606050007,0.7308734378511748,0.46657066476348547,0.12188999999967393,5.31544318437218,22.791304288371347,32.769366486510165,5077,377,12.6925,12.189000000003405,0.22700000000000017,26.22025128461949,6.327283348698277,0.675499999999981,0.17050000000000012,18.88258606050007,4.820732041212259,0.0,0.0,0.0,0.0,0,0,0.0,1024,104748,52.37400000006805,0,0,0.0,0.6367931157016476,0.0830771312993855,0.15406407274950792
trot,1.0,0.0,False,safety limiting exceeded 1.0% of control cycles,FL_haa_joint,9.646099887275975,9.646099887275975,-9.646099887275975,0.09800000000000007,0.02323235210116778,0.39803147794666927,2.706875588810715,3.2628982696573607,3.2628982696573607,3.276654774950273,3.276654774950273,100.00000000029546,95.00000000027153,0.0,0.4078622837071701,0.2679472190909993,0.0009449999999972086,2.966271154233964,20.87297657647335,23.97660164309108,0,0,0.0,0.09450000000000007,0.09050000000000007,0.470943793909288,0.37810118846813356,0.0,0.0,0.0,0.0,0.0,0.0,0.0,0.0,0,0,0.0,1723,91326,45.66300000003601,0,0,0.0,0.02251039853266729,0.005637258743231889,0.33069256886073595
trot,1.0,0.0,False,safety limiting exceeded 1.0% of control cycles,FL_hfe_joint,20.821098529700883,20.821098529700883,20.821098529700883,1.3634999999999053,1.2287292815820448,-0.8950308896197389,13.048423364279852,5.313192983869014,5.313192983869014,5.350765326722651,5.350765326722651,100.00000000029546,95.00000000027153,4.677858255434739,0.6641491229836267,0.5783638480472467,0.14980499999962557,4.830175439880922,22.32651681636088,30.544262310834043,0,0,0.0,14.980500000006817,0.1425000000000001,7.546843914389004,2.9133511847598847,5.738499999999539,0.10550000000000008,4.677858255434739,2.3461557851666224,0.0,0.0,0.0,0.0,0,0,0.0,1291,102621,51.31050000006297,0,0,0.0,1.2127136896040118,0.09703811136216611,0.33043744785909684
trot,1.0,0.0,False,safety limiting exceeded 1.0% of control cycles,FL_kfe_joint,24.984994148045544,13.149996920023971,-13.149996920023971,0.2610000000000002,0.1509783250203237,0.052407997115113236,28.193985383016848,8.680148683665784,4.568499307192519,8.72864299540333,4.594022629159648,100.00000000029546,95.00000000027153,7.217538352133302,0.5710624133990648,0.3652776922228881,0.0034749999999897354,4.153181188356835,21.71583793532038,27.79564667476197,0,0,0.0,0.34750000000000025,0.21200000000000016,19.49746423717178,7.26657632240107,0.028500000000000022,0.014000000000000009,7.217538352133302,2.991901748422953,0.0,0.0,0.0,0.0,0,0,0.0,847,98534,49.267000000053216,0,0,0.0,0.14185856954466688,0.05098896929790516,0.38121794227728906
trot,1.0,0.0,False,safety limiting exceeded 1.0% of control cycles,FR_haa_joint,8.282497702071854,8.282497702071854,-8.282497702071854,0.9079999999999554,0.7770031673850958,2.035076174895996,2.5813652873855717,3.27258699537847,3.27258699537847,3.26810800669272,3.26810800669272,100.00000000029546,95.00000000027153,0.0,0.40907337442230873,0.23006938061310706,0.00010999999999967505,2.9750790867076997,20.869914092379286,24.000252643840206,0,0,0.0,0.011000000000000006,0.009000000000000005,2.1109422521990635,1.7947559261690171,0.0,0.0,0.0,0.0,0.0,0.0,0.0,0.0,0,0,0.0,1799,93341,46.67050000004082,0,0,0.0,0.7624334835948102,0.06924607920591348,0.33920632442694115
trot,1.0,0.0,False,safety limiting exceeded 1.0% of control cycles,FR_hfe_joint,22.375149363272868,22.375149363272868,22.375149363272868,1.5909999999998803,1.4486028876955939,-0.8268558488529373,10.235816140011197,5.358554289910585,5.358554289910585,5.367059028359446,5.367059028359446,100.00000000029546,95.00000000027153,4.840962415380797,0.6698192862388231,0.6215319267575796,0.15073499999962395,4.871412990827804,22.344539865479316,30.725073833070702,0,0,0.0,15.07350000000693,0.06900000000000005,6.040307860929989,2.981162921399877,5.7974999999995065,0.06450000000000004,4.840962415380797,2.4399787570596043,0.0,0.0,0.0,0.0,0,0,0.0,1299,102718,51.359000000063205,0,0,0.0,1.431063244090165,0.11987182744998831,0.3337820381210435
trot,1.0,0.0,False,safety limiting exceeded 1.0% of control cycles,FR_kfe_joint,17.47627357961793,9.198038726114701,9.198038726114701,0.4035000000000003,0.29289580140915833,-4.886483876622812,18.18667999193038,8.708619168363326,4.583483772822803,8.704752040478136,4.581448442356914,100.00000000029546,95.00000000027153,0.0,0.5729354716028504,0.25550107572540837,0.000389999999998848,4.166803429838912,21.70919804597457,27.84686925941748,0,0,0.0,0.03900000000000003,0.03900000000000003,8.380937055606836,4.530211823348766,0.0,0.0,0.0,0.0,0.0,0.0,0.0,0.0,0,0,0.0,881,99142,49.57100000005467,0,0,0.0,0.2796682307356946,0.08430243172933169,0.34396586554251224
trot,1.0,0.0,False,safety limiting exceeded 1.0% of control cycles,RL_haa_joint,13.888658531710451,13.888658531710451,13.888658531710451,0.44800000000000034,0.339390454436244,-1.3714936237201736,4.411911073610512,2.3606660913745596,2.3606660913745596,2.3743259977376074,2.3743259977376074,100.00000000029546,95.00000000027153,1.450600075553349,0.29508326142181995,0.3857960703252903,0.003594999999989381,2.1460600830677814,20.45840311626111,22.08148911512787,0,0,0.0,0.35950000000000026,0.030000000000000023,2.121217066930914,0.3758581874563699,0.022500000000000017,0.022500000000000017,1.450600075553349,1.133222611376011,0.0,0.0,0.0,0.0,0,0,0.0,897,102029,51.01450000006156,0,0,0.0,0.32590998163277335,0.0886795996240073,0.33936015531714075
trot,1.0,0.0,False,safety limiting exceeded 1.0% of control cycles,RL_hfe_joint,28.14855555231221,28.14855555231221,28.14855555231221,0.6809999999999804,0.5707389361818678,-0.29268168019999985,9.655795879991556,5.094381793404613,5.094381793404613,5.133465226542807,5.133465226542807,100.00000000029546,95.00000000027153,6.0228071601361,0.6367977241755767,0.7819043208975613,0.17648499999952075,4.631256175822376,22.14177981364146,29.693664835585686,6413,215,16.0325,17.64850000000422,0.08350000000000006,6.0228071601361,3.7125970380860016,3.6620000000003903,0.05600000000000004,6.0228071601361,2.0510388000890254,0.0,0.0,0.0,0.0,0,0,0.0,1637,113254,56.62700000008836,0,0,0.0,0.5571536142852783,0.08737291041670354,0.32570197146824265
trot,1.0,0.0,False,safety limiting exceeded 1.0% of control cycles,RL_kfe_joint,18.921689510833914,9.958783953070482,9.958783953070482,0.4110000000000003,0.3006438615495793,2.4042087620221446,22.029176149919078,10.186232188644947,5.36117483612892,10.184362459193673,5.36019076799667,100.00000000029546,95.00000000027153,0.0,0.670146854516115,0.27663288758529114,0.1265849999996658,4.873795305571745,22.339513823290613,30.735566373603127,0,0,0.0,12.65850000000398,0.10100000000000008,10.317583906606625,2.1855837082832026,0.0,0.0,0.0,0.0,0.0,0.0,0.0,0.0,0,0,0.0,1100,102043,51.02150000006159,0,0,0.0,0.28734556062087047,0.08534672026579922,0.3419375803513459
trot,1.0,0.0,False,safety limiting exceeded 1.0% of control cycles,RR_haa_joint,11.222020951255022,11.222020951255022,11.222020951255022,0.001,8.620896239815752e-07,8.526512829121202e-17,3.29634641675915,2.288913476802395,2.288913476802395,2.306196413222046,2.306196413222046,100.00000000029546,95.00000000027153,8.526512829121202e-17,0.28611418460029936,0.31172280420152837,0.0019199999999943286,2.0808304334567223,20.43214458925011,21.95687809958082,0,0,0.0,0.19200000000000014,0.004,1.2243068513643571,0.22556431674546806,0.0005,0.0005,8.526512829121202e-17,8.526512829121202e-17,0.0,0.0,0.0,0.0,0,0,0.0,933,102499,51.24950000006268,0,0,0.0,8.573874197953812e-07,-8.991847503885352e-08,0.32198567964671276
trot,1.0,0.0,False,safety limiting exceeded 1.0% of control cycles,RR_hfe_joint,27.295412657344343,27.295412657344343,27.295412657344343,0.45350000000000035,0.34471081942623233,-0.06639740828930486,13.53926011773252,5.0668040579685005,5.0668040579685005,5.128161604663095,5.128161604663095,100.00000000029546,95.00000000027153,6.324324258450166,0.6333505072460626,0.7582059071484539,0.16524499999958014,4.606185507244091,22.134312321690153,29.588998259823413,5830,217,14.575000000000001,16.52450000000684,0.1320000000000001,7.3826205588417055,3.766511236694084,4.466500000000244,0.07400000000000005,6.324324258450166,2.352397585909056,0.0,0.0,0.0,0.0,0,0,0.0,1426,107849,53.924500000075454,0,0,0.0,0.3312295946619688,0.08859365576517055,0.3404407459909131
trot,1.0,0.0,False,safety limiting exceeded 1.0% of control cycles,RR_kfe_joint,29.359821773837364,15.452537775703876,15.452537775703876,0.01550000000000001,0.00037828236775336516,0.2635718527880687,29.711284065849433,9.891952032907941,5.206290543635759,9.959609941679954,5.241899969305239,100.00000000029546,95.00000000027153,17.794171830458147,0.6507863179544698,0.4292371604362188,0.04298499999987637,4.732991403305235,22.23322380558018,30.1242257855589,0,0,0.0,4.298500000000337,0.22500000000000017,21.934317613193212,3.135115647492385,0.23950000000000018,0.20900000000000016,17.794171830458147,6.575314463215347,0.0,0.0,0.0,0.0,0,0,0.0,1098,101237,50.61850000005967,0,0,0.0,0.0003735168708402748,4.5600863876640785e-05,0.3217805344141333
