gait,commanded_vx_m_s,name,joint_peak_nm,joint_rms_nm,motor_peak_nm,motor_rms_nm,motor_peak_speed_rad_s,continuous_utilisation,peak_utilisation,fraction_above_continuous,estimated_rms_current_a,estimated_final_temperature_c,estimated_steady_temperature_c
stand,0.0,FL_haa_joint,3.7951920191145647,3.336614389283461,3.7951920191145647,3.3366143892834597,0.8911442197859196,0.41707679866043246,0.10542200053096012,0.0,3.0332858084395085,20.199846022075686,24.158311862507812
stand,0.0,FL_hfe_joint,0.5880040651389571,0.5143190713825789,0.5880040651389571,0.5143190713825793,0.22616722317517227,0.06428988392282241,0.01633344625385992,0.0,0.4675627921659811,20.004735611324307,20.098803033259127
stand,0.0,FL_kfe_joint,6.962655605796501,5.7335956096293215,3.6645555819981586,3.0176818998049084,1.792804613979836,0.37721023747561355,0.10179321061105996,0.0,2.7433471816408255,20.163458434768636,23.40135480138758
stand,0.0,FR_haa_joint,3.737522356098315,3.3053065472064307,3.737522356098315,3.3053065472064236,0.892914547898364,0.41316331840080295,0.10382006544717542,0.0,3.0048241338240214,20.196079155761918,24.080642121591737
stand,0.0,FR_hfe_joint,0.604103448114075,0.5326753141866158,0.604103448114075,0.5326753141866157,0.21997185469570305,0.06658441427332697,0.016780651336502084,0.0,0.4842502856241961,20.005078169819257,20.1059815243685
stand,0.0,FR_kfe_joint,6.929815769534716,5.675181473261586,3.6472714576498504,2.986937617506095,1.7927365508838013,0.37336720218826186,0.10131309604582919,0.0,2.7153978340964495,20.160184381931792,23.33240153036202
stand,0.0,RL_haa_joint,3.790840150911686,3.4016841094403025,3.790840150911686,3.401684109440302,0.8887310359220617,0.42521051368003776,0.10530111530310239,0.0,3.0924400994911836,20.2075007482189,24.322081808272905
stand,0.0,RL_hfe_joint,0.516270259738136,0.37308389602389364,0.516270259738136,0.3730838960238931,0.20687529557678824,0.046635487002986635,0.014340840548281556,0.0,0.33916717820353914,20.002514895913972,20.051989785677552
stand,0.0,RL_kfe_joint,6.876680418525244,6.071711483443691,3.619305483434339,3.1956376228650956,1.7921990176626932,0.39945470285813695,0.10053626342873165,0.0,2.905125111695541,20.182934867030458,23.81434587780529
stand,0.0,RR_haa_joint,3.733803093133391,3.3586452346305595,3.733803093133391,3.3586452346305555,0.8903212626609711,0.41983065432881944,0.10371675258703865,0.0,3.053313849664141,20.202292509099667,24.21340577370376
stand,0.0,RR_hfe_joint,0.5316110753925024,0.3880049940788258,0.5316110753925024,0.3880049940788265,0.20060021676212922,0.04850062425985331,0.0147669743164584,0.0,0.3527318127989331,20.00271942339483,20.056231497769122
stand,0.0,RR_kfe_joint,6.843453940720719,6.021004441167812,3.601817863537221,3.1689497058777962,1.7921358571946606,0.39611871323472453,0.10005049620936725,0.0,2.8808633689798144,20.17991459574822,23.7509019666423
walk,0.15,FL_haa_joint,10.188179273642923,4.205315774127367,10.188179273642923,4.205315774127375,2.22957230605911,0.5256644717659219,0.28300497982341455,0.15539473684210525,3.823014340115795,20.33319424648301,26.60544749548618
walk,0.15,FL_hfe_joint,7.735987859832122,2.2226443081317813,7.735987859832122,2.2226443081317786,6.618387118013537,0.2778305385164723,0.21488855166200338,0.0,2.020585734665253,20.0960898916315,21.845206415096435
walk,0.15,FL_kfe_joint,14.783338539376285,6.720774290538072,7.780704494408571,3.537249626598975,12.077204608923687,0.4421562033248719,0.2161306804002381,0.0,3.215681478726341,20.23748415388751,24.673437502057247
walk,0.15,FR_haa_joint,9.789907818797362,4.22556857839473,9.789907818797362,4.225568578394722,2.183238529815982,0.5281960722993403,0.2719418838554823,0.16171052631578947,3.841425980358838,20.317384810380634,26.66922438260616
walk,0.15,FR_hfe_joint,7.3300680719109845,2.267689200927703,7.3300680719109845,2.2676892009277028,5.668648371712401,0.28346115011596285,0.20361300199752735,0.0,2.0615356372070024,20.099126087454003,21.920755494471294
walk,0.15,FR_kfe_joint,15.441858101510352,6.8245407692124544,8.127293737637027,3.5918635627433937,12.20155671503027,0.4489829453429242,0.22575815937880633,0.0,3.265330511584903,20.236620149362032,24.818864154981576
walk,0.15,RL_haa_joint,10.326516707440708,4.8717046895762985,10.326516707440708,4.871704689576293,1.671094625081565,0.6089630861970367,0.28684768631779745,0.08934210526315789,4.428822445069357,20.428346367568338,28.864758925564956
walk,0.15,RL_hfe_joint,8.419245891164918,4.558357368535367,8.419245891164918,4.558357368535369,6.415065937731006,0.5697946710669212,0.23386794142124773,0.008947368421052631,4.143961244123063,20.373723492027406,27.761072865603232
walk,0.15,RL_kfe_joint,18.045358476895533,9.18009677477957,9.497557093102913,4.831629881462926,13.942879081298896,0.6039537351828658,0.2638210303639698,0.03776315789473684,4.392390801329933,20.41021953444098,28.71951516727915
walk,0.15,RR_haa_joint,10.964128674515896,4.7213120102255095,10.964128674515896,4.721312010225517,1.7377236818063784,0.5901640012781896,0.30455912984766376,0.07105263157894737,4.292101827477742,20.414102374279167,28.325885313137
walk,0.15,RR_hfe_joint,8.555151001060846,4.5074118143285515,8.555151001060846,4.507411814328564,6.108053919766607,0.5634264767910705,0.23764308336280127,0.011447368421052631,4.097647103935058,20.358763635535407,27.58856219276167
walk,0.15,RR_kfe_joint,16.21692257445827,9.028855607921818,8.535222407609616,4.7520292673272815,13.79156801582326,0.5940036584159102,0.23708951132248934,0.034473684210526316,4.320026606661164,20.407278402307117,28.434575575287575
trot,0.3,FL_haa_joint,8.315052722768286,4.16518674200356,8.315052722768286,4.165186742003559,1.784227362479056,0.5206483427504449,0.2309736867435635,0.0,3.7865334018214174,20.314955942298404,26.479984620045236
trot,0.3,FL_hfe_joint,6.908491843269067,2.253393147826332,6.908491843269067,2.2533931478263343,4.15571530684082,0.2816741434782918,0.19190255120191851,0.0,2.0485392252966674,20.09986697589033,21.89661403117786
trot,0.3,FL_kfe_joint,22.176703609209248,7.795522367980005,11.671949268004868,4.1029065094631685,10.452142160296475,0.5128633136828961,0.3242208130001352,0.0,3.7299150086028803,20.30642013511428,26.287648605774695
trot,0.3,FR_haa_joint,7.37521193713088,4.039823395450027,7.37521193713088,4.039823395450026,1.329864161532708,0.5049779244312532,0.20486699825363555,0.0,3.672566723136387,20.288416917236376,26.095786956504917
trot,0.3,FR_hfe_joint,6.881134643992414,2.2756140843255106,6.881134643992414,2.275614084325506,3.7898078654400353,0.28445176054068827,0.1911426289997893,0.0,2.0687400766595507,20.09718236462801,21.93420386388413
trot,0.3,FR_kfe_joint,12.129888871591845,7.802909407536584,6.384152037679919,4.106794425019261,10.44734333139835,0.5133493031274077,0.17733755660221998,0.0,3.7334494772902374,20.302625190359205,26.29957060751442
trot,0.3,RL_haa_joint,6.713687033448497,3.5395821332845476,6.713687033448497,3.539582133284545,1.4755001315659666,0.4424477666605681,0.18649130648468046,0.0,3.2178019393495862,20.221244809895254,24.6796029805726
trot,0.3,RL_hfe_joint,7.472888112073014,2.533375136707852,7.472888112073014,2.5333751367078525,3.876776354131501,0.31667189208848157,0.2075802253353615,0.0,2.3030683060980475,20.12010339763128,22.397198671212976
trot,0.3,RL_kfe_joint,15.843165318955824,8.793751488520693,8.338508062608328,4.628290257116151,11.496243283523027,0.5785362821395189,0.2316252239613425,0.0005263157894736842,4.207536597378319,20.384742614143562,28.00103545845071
trot,0.3,RR_haa_joint,8.033755794988322,3.52075930151144,8.033755794988322,3.5207593015114407,1.2652794662868077,0.4400949126889301,0.22315988319412006,0.0,3.2006902741013095,20.22479886727037,24.62996481937694
trot,0.3,RR_hfe_joint,7.607009003023155,2.4760331168422134,7.607009003023155,2.476033116842211,4.387663330367654,0.3095041396052764,0.21130580563953208,0.0,2.2509391971292825,20.11869563107757,22.289907389302748
trot,0.3,RR_kfe_joint,23.133257469060172,8.697715086055505,12.175398667926407,4.577744782134487,11.665603104217794,0.5722180977668109,0.33820551855351133,0.0,4.161586165576806,20.38402209164629,27.827231394940483
trot,0.5,FL_haa_joint,8.788388256632752,3.947815061029735,8.788388256632752,3.94781506102974,1.5693708044226296,0.4934768826287175,0.24412189601757645,0.0,3.5889227827543086,20.28522448757562,25.821281748401937
trot,0.5,FL_hfe_joint,9.880277029353133,3.127762156912078,9.880277029353133,3.1277621569120804,6.136800224223094,0.39097026961401005,0.2744521397042537,0.010789473684210526,2.8434201426473455,20.194037701641186,23.654032972735536
trot,0.5,FL_kfe_joint,22.935076240178233,8.001801874643304,12.071092757988545,4.2114746708648925,12.41838266382256,0.5264343338581116,0.33530813216634847,0.0,3.828613337149902,20.32492282446097,26.624809684597484
trot,0.5,FR_haa_joint,7.354132837599215,3.8255141336348424,7.354132837599215,3.8255141336348446,1.5123141969937564,0.4781892667043556,0.2042814677110893,0.0,3.4777401214862222,20.258383637636538,25.466188977555312
trot,0.5,FR_hfe_joint,10.021297458128752,3.160560464530631,10.021297458128752,3.1605604645306347,5.692239897045073,0.39507005806632933,0.27836937383690974,0.011052631578947368,2.8732367859369403,20.18922547189654,23.731068537402276
trot,0.5,FR_kfe_joint,12.745453729996317,8.016874281873996,6.708133542103325,4.219407516775786,12.039028243328064,0.5274259395969733,0.18633704283620348,0.0,3.8358250152507143,20.320254112068532,26.64979052584828
trot,0.5,RL_haa_joint,7.16341371187481,3.170356004561871,7.16341371187481,3.170356004561873,1.810147527056014,0.39629450057023413,0.19898371421874472,0.0,2.8821418223289754,20.178554342228782,23.75423181370184
trot,0.5,RL_hfe_joint,11.85493313953597,3.5536777014568495,11.85493313953597,3.5536777014568437,5.479149182526226,0.44420971268210546,0.3293036983204436,0.07868421052631579,3.230616092233494,20.235060779111816,24.716948067583132
trot,0.5,RL_kfe_joint,17.04731137147449,9.003352316097791,8.972269142881311,4.738606482156739,12.473834793514284,0.5923258102695924,0.24922969841336975,0.00039473684210526315,4.307824074687945,20.401222050291054,28.38699354541147
trot,0.5,RR_haa_joint,8.449572244438645,3.1427205832727023,8.449572244438645,3.142720583272699,1.4328814524905507,0.3928400729090874,0.2347103401232957,0.0,2.85701871206609,20.18094598738762,23.689067148539237
trot,0.5,RR_hfe_joint,11.887558170443798,3.4919916844707672,11.887558170443798,3.4919916844707686,6.2900595295830435,0.43649896055884607,0.3302099491789944,0.07407894736842105,3.1745378949734255,20.236304426998664,24.55461237813095
trot,0.5,RR_kfe_joint,25.520446470056545,8.916299124035174,13.431813931608708,4.692789012650093,13.175003088388763,0.5865986265812616,0.3731059425446864,0.00013157894736842105,4.266171829681903,20.406623351370822,28.22559036922387
